<application>
  <component name="vgo">
    <environment>
      <map>
        <entry key="GONOSUMDB">
          <value>
            <list>
              <option value="git.n.xiaomi.com,micode.be.xiaomi.com" />
            </list>
          </value>
        </entry>
        <entry key="GOPROXY">
          <value>
            <list>
              <option value="http://goproxy.b2c.srv,direct" />
              <option value="http://goproxy.b2c.srv" />
            </list>
          </value>
        </entry>
      </map>
    </environment>
  </component>
</application>